mismatch_status,experiment,target_project,seed,model,selected_candidate,selection_mode,column,canonical_value,g_r1_build1_value,g_r1_build2_value,accepted_tracked_part3b_value,build1_build2_value_equal,absolute_difference_build1,absolute_difference_build2,relative_difference_build1,relative_difference_build2,g_r1_vs_accepted_absolute_difference,direct_et_model,selected_candidate_is_et,soft_ensemble_contains_et,et_derived_row,rank_sensitive_metric,threshold_sensitive_metric,calibration_metric,within_1e_7,currently_approved_exception,currently_unapproved_mismatch
unapproved_systematic_et_difference,cross_project,JM1,13,AQRPE_v2_balanced,ET_leaf5,balanced_objective,avg_precision,0.30380013771863795,0.30380010752693754,0.30380010752693754,0.30380013771863795,True,3.019170041751451e-08,3.019170041751451e-08,9.938014065509184e-08,9.938014065509184e-08,3.019170041751451e-08,False,True,False,True,True,False,False,True,False,True
unapproved_systematic_et_difference,cross_project,JM1,13,AQRPE_v2_balanced,ET_leaf5,balanced_objective,roc_auc,0.6693121125388155,0.66931206970383,0.66931206970383,0.6693121125388155,True,4.283498555857079e-08,4.283498555857079e-08,6.399852140145852e-08,6.399852140145852e-08,4.283498555857079e-08,False,True,False,True,True,False,False,True,False,True
unapproved_systematic_et_difference,cross_project,JM1,13,AQRPE_v2_mcc,ET_leaf5,mcc_objective,avg_precision,0.30380013771863795,0.30380010752693754,0.30380010752693754,0.30380013771863795,True,3.019170041751451e-08,3.019170041751451e-08,9.938014065509184e-08,9.938014065509184e-08,3.019170041751451e-08,False,True,False,True,True,False,False,True,False,True
unapproved_systematic_et_difference,cross_project,JM1,13,AQRPE_v2_mcc,ET_leaf5,mcc_objective,roc_auc,0.6693121125388155,0.66931206970383,0.66931206970383,0.6693121125388155,True,4.283498555857079e-08,4.283498555857079e-08,6.399852140145852e-08,6.399852140145852e-08,4.283498555857079e-08,False,True,False,True,True,False,False,True,False,True
unapproved_systematic_et_difference,cross_project,JM1,13,AQRPE_v2_rank,ET_leaf5,rank_objective_fixed_threshold,avg_precision,0.30380013771863795,0.30380010752693754,0.30380010752693754,0.30380013771863795,True,3.019170041751451e-08,3.019170041751451e-08,9.938014065509184e-08,9.938014065509184e-08,3.019170041751451e-08,False,True,False,True,True,False,False,True,False,True
unapproved_systematic_et_difference,cross_project,JM1,13,AQRPE_v2_rank,ET_leaf5,rank_objective_fixed_threshold,roc_auc,0.6693121125388155,0.66931206970383,0.66931206970383,0.6693121125388155,True,4.283498555857079e-08,4.283498555857079e-08,6.399852140145852e-08,6.399852140145852e-08,4.283498555857079e-08,False,True,False,True,True,False,False,True,False,True
unapproved_systematic_et_difference,cross_project,JM1,13,ET_leaf5,ET_leaf5,single_candidate_balanced_threshold,avg_precision,0.30380013771863795,0.30380010752693754,0.30380010752693754,0.30380013771863795,True,3.019170041751451e-08,3.019170041751451e-08,9.938014065509184e-08,9.938014065509184e-08,3.019170041751451e-08,True,True,False,True,True,False,False,True,False,True
unapproved_systematic_et_difference,cross_project,JM1,13,ET_leaf5,ET_leaf5,single_candidate_balanced_threshold,roc_auc,0.6693121125388155,0.66931206970383,0.66931206970383,0.6693121125388155,True,4.283498555857079e-08,4.283498555857079e-08,6.399852140145852e-08,6.399852140145852e-08,4.283498555857079e-08,True,True,False,True,True,False,False,True,False,True
approved_existing_exception,cross_project,JM1,42,AQRPE_v2_rank,ET_leaf5,rank_objective_fixed_threshold,roc_auc,0.6700602041438307,0.6700601613088453,0.6700601613088453,0.6700601613088453,True,4.283498544754849e-08,4.283498544754849e-08,6.392706981051185e-08,6.392706981051185e-08,0.0,False,True,False,True,True,False,False,True,True,False
