experiment,target_project,seed,selected_order,position_1_candidate,position_2_candidate,position_3_candidate,excluded_candidate,selection_mode,threshold,selection_score,balanced_score_position_1,balanced_score_position_2,balanced_score_position_3,balanced_score_excluded,cutoff_score_gap
cross_project,CM1,7,ET_leaf5|LR_std_C0.1|LR_std_C1,ET_leaf5,LR_std_C0.1,LR_std_C1,DT_leaf5,soft_top3_balanced_objective,0.5,0.4211018080060822,0.434639478202617,0.4045709121897901,0.4017106046970222,0.3448366770573733,0.05687392763964888
cross_project,CM1,13,ET_leaf5|LR_std_C1|LR_std_C0.1,ET_leaf5,LR_std_C1,LR_std_C0.1,DT_leaf5,soft_top3_balanced_objective,0.508563,0.4090170133959375,0.4393411735971071,0.3882088832792411,0.3848247499612139,0.3528936404373527,0.03193110952386119
cross_project,CM1,29,ET_leaf5|LR_std_C0.1|LR_std_C1,ET_leaf5,LR_std_C0.1,LR_std_C1,DT_leaf5,soft_top3_balanced_objective,0.544302,0.4083413004478133,0.4153846540092612,0.398112277890813,0.396485445156636,0.3531064780443602,0.04337896711227579
cross_project,CM1,42,ET_leaf5|LR_std_C1|LR_std_C0.1,ET_leaf5,LR_std_C1,LR_std_C0.1,DT_leaf5,soft_top3_balanced_objective,0.547,0.4280791035217641,0.4476111804503941,0.4110014153897074,0.4084587095014135,0.358052925764893,0.05040578373652049
cross_project,CM1,101,ET_leaf5|LR_std_C0.1|LR_std_C1,ET_leaf5,LR_std_C0.1,LR_std_C1,DT_leaf5,soft_top3_balanced_objective,0.5,0.4395069441388656,0.4526730919872475,0.415968706185313,0.4092673766159173,0.3697833874376083,0.039483989178308976
cross_project,JM1,7,ET_leaf5|LR_std_C1|LR_std_C0.1,ET_leaf5,LR_std_C1,LR_std_C0.1,DT_leaf5,soft_top3_balanced_objective,0.490219,0.4665009005563731,0.4886910603233667,0.4590611669918631,0.4562238905809046,0.4214598200317845,0.03476407054912012
cross_project,JM1,13,ET_leaf5|LR_std_C0.1|LR_std_C1,ET_leaf5,LR_std_C0.1,LR_std_C1,DT_leaf5,soft_top3_balanced_objective,0.641,0.4583959150391751,0.4751346978697403,0.4535072069881795,0.4489463981421357,0.394452010401766,0.05449438774036974
cross_project,JM1,29,ET_leaf5|LR_std_C1|LR_std_C0.1,ET_leaf5,LR_std_C1,LR_std_C0.1,DT_leaf5,soft_top3_balanced_objective,0.415395,0.4379730290006215,0.4617247314620555,0.4348315293905219,0.4282116325056627,0.3570640168399099,0.07114761566575278
cross_project,JM1,42,LR_std_C0.1|LR_std_C1|ET_leaf5,LR_std_C0.1,LR_std_C1,ET_leaf5,DT_leaf5,soft_top3_balanced_objective,0.449965,0.4275069982581433,0.4174262582355806,0.4162947824420309,0.4151094145826004,0.3378082226024569,0.07730119198014351
cross_project,JM1,101,ET_leaf5|LR_std_C1|LR_std_C0.1,ET_leaf5,LR_std_C1,LR_std_C0.1,DT_leaf5,soft_top3_balanced_objective,0.430713,0.4263752729782116,0.4401701924696228,0.4215879109491857,0.4146721397907724,0.381158468400859,0.0335136713899134
cross_project,KC1,7,ET_leaf5|LR_std_C1|LR_std_C0.1,ET_leaf5,LR_std_C1,LR_std_C0.1,DT_leaf5,soft_top3_balanced_objective,0.465388,0.428943955692283,0.4609589899010305,0.4096169934098878,0.4075575873145582,0.3704780552563742,0.03707953205818404
cross_project,KC1,13,ET_leaf5|LR_std_C0.1|LR_std_C1,ET_leaf5,LR_std_C0.1,LR_std_C1,DT_leaf5,soft_top3_balanced_objective,0.435709,0.4074501833125241,0.4365881143958914,0.3919953453195601,0.3852884428540598,0.3601973928731934,0.025091049980866365
cross_project,KC1,29,ET_leaf5|LR_std_C0.1|LR_std_C1,ET_leaf5,LR_std_C0.1,LR_std_C1,DT_leaf5,soft_top3_balanced_objective,0.456902,0.4121046620373795,0.4353524706567869,0.3938856456651831,0.3916362037369941,0.3736721328661401,0.017964070870854
cross_project,KC1,42,ET_leaf5|LR_std_C0.1|LR_std_C1,ET_leaf5,LR_std_C0.1,LR_std_C1,DT_leaf5,soft_top3_balanced_objective,0.4765,0.4352042616769304,0.4459686597849041,0.4122606364816349,0.4119019462322075,0.3879323702739579,0.02396957595824961
cross_project,KC1,101,ET_leaf5|LR_std_C0.1|LR_std_C1,ET_leaf5,LR_std_C0.1,LR_std_C1,DT_leaf5,soft_top3_balanced_objective,0.509782,0.4242691495753093,0.4404165119192176,0.4158427192343258,0.4112632776211976,0.3494339814728285,0.06182929614836907
cross_project,KC2,7,ET_leaf5|LR_std_C1|LR_std_C0.1,ET_leaf5,LR_std_C1,LR_std_C0.1,DT_leaf5,soft_top3_balanced_objective,0.4765,0.4195426229948955,0.4285277268493354,0.3979337984956616,0.3967451300492154,0.3304636685582538,0.06628146149096159
cross_project,KC2,13,ET_leaf5|LR_std_C1|LR_std_C0.1,ET_leaf5,LR_std_C1,LR_std_C0.1,DT_leaf5,soft_top3_balanced_objective,0.5235,0.4199984087814302,0.4422798283064781,0.4026337972492126,0.4013775424921341,0.3761603513013742,0.02521719119075988
cross_project,KC2,29,ET_leaf5|LR_std_C1|LR_std_C0.1,ET_leaf5,LR_std_C1,LR_std_C0.1,DT_leaf5,soft_top3_balanced_objective,0.485133,0.4082877440005752,0.4250454683989534,0.3827757553311761,0.3825113079448154,0.3452332775566272,0.03727803038818822
cross_project,KC2,42,ET_leaf5|LR_std_C0.1|LR_std_C1,ET_leaf5,LR_std_C0.1,LR_std_C1,DT_leaf5,soft_top3_balanced_objective,0.500301,0.427216444184221,0.4516613796829103,0.4099697747645354,0.4065500097925669,0.3702241961105726,0.03632581368199428
cross_project,KC2,101,ET_leaf5|LR_std_C1|LR_std_C0.1,ET_leaf5,LR_std_C1,LR_std_C0.1,DT_leaf5,soft_top3_balanced_objective,0.547,0.4088013602855998,0.4296047000929895,0.3881473082097397,0.3860610949265917,0.3363266599474492,0.04973443497914248
cross_project,PC1,7,ET_leaf5|LR_std_C1|LR_std_C0.1,ET_leaf5,LR_std_C1,LR_std_C0.1,DT_leaf5,soft_top3_balanced_objective,0.464921,0.4174799726306707,0.4319362143028979,0.3954871959465694,0.3938358033085952,0.3572791555002493,0.03655664780834589
cross_project,PC1,13,ET_leaf5|LR_std_C0.1|LR_std_C1,ET_leaf5,LR_std_C0.1,LR_std_C1,DT_leaf5,soft_top3_balanced_objective,0.5,0.4193123425762339,0.4332459686531796,0.3988790271424974,0.3977691010656444,0.3667343513707797,0.031034749694864694
cross_project,PC1,29,ET_leaf5|LR_std_C1|LR_std_C0.1,ET_leaf5,LR_std_C1,LR_std_C0.1,DT_leaf5,soft_top3_balanced_objective,0.502334,0.4188758741044517,0.435191117999708,0.3999986496167205,0.3962693796911673,0.3528708974473348,0.043398482243832526
cross_project,PC1,42,ET_leaf5|LR_std_C0.1|LR_std_C1,ET_leaf5,LR_std_C0.1,LR_std_C1,DT_leaf5,soft_top3_balanced_objective,0.510719,0.431641461338867,0.4550296927607082,0.406000041508789,0.4045375699135489,0.3615776089732035,0.042959960940345376
cross_project,PC1,101,ET_leaf5|LR_std_C0.1|LR_std_C1,ET_leaf5,LR_std_C0.1,LR_std_C1,DT_leaf5,soft_top3_balanced_objective,0.5235,0.4241386681664162,0.4423034000026957,0.4097134165765975,0.4092620217162827,0.3391291702348637,0.07013285148141896
within_project,CM1,7,ET_leaf5|LR_std_C0.1|LR_std_C1,ET_leaf5,LR_std_C0.1,LR_std_C1,DT_leaf5,soft_top3_balanced_objective,0.7115,0.41431599634224,0.4296927558544454,0.399981182974777,0.3986759465864762,0.2080713931193895,0.1906045534670867
within_project,CM1,13,ET_leaf5|LR_std_C0.1|LR_std_C1,ET_leaf5,LR_std_C0.1,LR_std_C1,DT_leaf5,soft_top3_balanced_objective,0.600928,0.4285562694817408,0.4445503475604144,0.4237657157376843,0.3885085620757147,0.3542689983799837,0.034239563695731
within_project,CM1,29,DT_leaf5|LR_std_C1|LR_std_C0.1,DT_leaf5,LR_std_C1,LR_std_C0.1,ET_leaf5,soft_top3_balanced_objective,0.220929,0.4411954822068845,0.4120396702958604,0.4065982823905248,0.3922487349289292,0.3293178277189075,0.0629309072100217
within_project,CM1,42,LR_std_C1|LR_std_C0.1|ET_leaf5,LR_std_C1,LR_std_C0.1,ET_leaf5,DT_leaf5,soft_top3_balanced_objective,0.498515,0.4107047647467018,0.4515273351133238,0.4107260193655686,0.4091013228204403,0.307674083899321,0.10142723892111932
within_project,CM1,101,LR_std_C0.1|LR_std_C1|ET_leaf5,LR_std_C0.1,LR_std_C1,ET_leaf5,DT_leaf5,soft_top3_balanced_objective,0.5235,0.3760858392300483,0.4248880546850788,0.3914554075811809,0.3625753918296138,0.2257773937354321,0.1367979980941817
within_project,JM1,7,ET_leaf5|LR_std_C0.1|LR_std_C1,ET_leaf5,LR_std_C0.1,LR_std_C1,DT_leaf5,soft_top3_balanced_objective,0.491861,0.3994828650144114,0.4183490088504131,0.3801500807427123,0.3799337553935896,0.3506341533302524,0.029299602063337205
within_project,JM1,13,ET_leaf5|LR_std_C1|LR_std_C0.1,ET_leaf5,LR_std_C1,LR_std_C0.1,DT_leaf5,soft_top3_balanced_objective,0.48496,0.4146384082945308,0.4432492687341542,0.3971584814651222,0.3951833697858754,0.3485871875602515,0.04659618222562395
within_project,JM1,29,ET_leaf5|LR_std_C1|LR_std_C0.1,ET_leaf5,LR_std_C1,LR_std_C0.1,DT_leaf5,soft_top3_balanced_objective,0.536239,0.4267327730152768,0.4323075488986717,0.4143313823155584,0.4097030468400868,0.3508070256391094,0.058896021200977366
within_project,JM1,42,ET_leaf5|LR_std_C1|LR_std_C0.1,ET_leaf5,LR_std_C1,LR_std_C0.1,DT_leaf5,soft_top3_balanced_objective,0.51657,0.418353613087011,0.4280300377809547,0.39638123579366,0.3946208267554469,0.350695382440948,0.04392544431449891
within_project,JM1,101,ET_leaf5|LR_std_C0.1|LR_std_C1,ET_leaf5,LR_std_C0.1,LR_std_C1,DT_leaf5,soft_top3_balanced_objective,0.594,0.4385151068381809,0.4626496979898897,0.4318467208649091,0.4284596719890828,0.3418335692237813,0.08662610276530153
within_project,KC1,7,ET_leaf5|LR_std_C0.1|DT_leaf5,ET_leaf5,LR_std_C0.1,DT_leaf5,LR_std_C1,soft_top3_balanced_objective,0.594,0.5323639895188701,0.5188363375672044,0.5104173073451738,0.4934885344406546,0.491314490226896,0.002174044213758608
within_project,KC1,13,DT_leaf5|ET_leaf5|LR_std_C1,DT_leaf5,ET_leaf5,LR_std_C1,LR_std_C0.1,soft_top3_balanced_objective,0.594,0.5172365337505483,0.5352438822490762,0.5090982973761858,0.4938961072619379,0.4846369039770942,0.009259203284843698
within_project,KC1,29,ET_leaf5|LR_std_C1|LR_std_C0.1,ET_leaf5,LR_std_C1,LR_std_C0.1,DT_leaf5,soft_top3_balanced_objective,0.394295,0.4089455575709426,0.422417230983649,0.3890446912352135,0.3881980499730998,0.3567855854982029,0.03141246447489693
within_project,KC1,42,ET_leaf5|LR_std_C1|DT_leaf5,ET_leaf5,LR_std_C1,DT_leaf5,LR_std_C0.1,soft_top3_balanced_objective,0.4765,0.5012067351072175,0.5009855166206613,0.4767244921576055,0.4735080526467541,0.4729344587491118,0.0005735938976423327
within_project,KC1,101,LR_std_C1|ET_leaf5|LR_std_C0.1,LR_std_C1,ET_leaf5,LR_std_C0.1,DT_leaf5,soft_top3_balanced_objective,0.641,0.4773229653531705,0.4662380901434408,0.4630424084431402,0.4617720316891578,0.4413005054247405,0.02047152626441734
within_project,KC2,7,ET_leaf5|LR_std_C1|LR_std_C0.1,ET_leaf5,LR_std_C1,LR_std_C0.1,DT_leaf5,soft_top3_balanced_objective,0.594,0.6959297113866811,0.7222975314163816,0.6881746654225529,0.6790867685241465,0.3763959326220195,0.30269083590212703
within_project,KC2,13,LR_std_C1|ET_leaf5|LR_std_C0.1,LR_std_C1,ET_leaf5,LR_std_C0.1,DT_leaf5,soft_top3_balanced_objective,0.6645,0.7180013848288277,0.6963575091298168,0.6912269262098196,0.6829445657070427,0.6281185517378258,0.054826013969216825
within_project,KC2,29,DT_leaf5|ET_leaf5|LR_std_C0.1,DT_leaf5,ET_leaf5,LR_std_C0.1,LR_std_C1,soft_top3_balanced_objective,0.7585,0.5955762586274028,0.6026502259021388,0.5470856444034917,0.5182699133003649,0.5119755715198067,0.00629434178055821
within_project,KC2,42,ET_leaf5|LR_std_C0.1|LR_std_C1,ET_leaf5,LR_std_C0.1,LR_std_C1,DT_leaf5,soft_top3_balanced_objective,0.7585,0.7239677488925937,0.7601098629147847,0.7039885205964082,0.6940190222720563,0.6188778611067086,0.07514116116534764
within_project,KC2,101,ET_leaf5|LR_std_C1|LR_std_C0.1,ET_leaf5,LR_std_C1,LR_std_C0.1,DT_leaf5,soft_top3_balanced_objective,0.4295,0.5942725575791393,0.6158297648578336,0.6149185847975993,0.5922730744058571,0.4320455456741159,0.16022752873174118
within_project,PC1,7,DT_leaf5|ET_leaf5|LR_std_C1,DT_leaf5,ET_leaf5,LR_std_C1,LR_std_C0.1,soft_top3_balanced_objective,0.594,0.575405651588835,0.532243495062262,0.5090138111436712,0.4494920185510095,0.4387786917602898,0.010713326790719735
within_project,PC1,13,ET_leaf5|LR_std_C1|DT_leaf5,ET_leaf5,LR_std_C1,DT_leaf5,LR_std_C0.1,soft_top3_balanced_objective,0.3825,0.4940101505456922,0.5085098084346009,0.4554887080606503,0.452379217251143,0.4035922559680055,0.048786961283137475
within_project,PC1,29,ET_leaf5|LR_std_C0.1|DT_leaf5,ET_leaf5,LR_std_C0.1,DT_leaf5,LR_std_C1,soft_top3_balanced_objective,0.4295,0.4961959850982523,0.4968550722524189,0.4402123292352339,0.419656191204693,0.4102794185831967,0.009376772621496277
within_project,PC1,42,DT_leaf5|ET_leaf5|LR_std_C1,DT_leaf5,ET_leaf5,LR_std_C1,LR_std_C0.1,soft_top3_balanced_objective,0.5235,0.4978948823680191,0.5405077201330145,0.4954437503059881,0.3705259903866916,0.3353445695916363,0.03518142079505532
within_project,PC1,101,ET_leaf5|LR_std_C0.1|DT_leaf5,ET_leaf5,LR_std_C0.1,DT_leaf5,LR_std_C1,soft_top3_balanced_objective,0.266353,0.444813243680275,0.4974020029640533,0.3965675456104734,0.3908523897586859,0.3657028735438762,0.02514951621480971
