experiment,target_project,seed,model,selected_candidate,selection_mode,threshold,selection_score,avg_precision,roc_auc,mcc,f1,balanced_accuracy,precision,recall,brier,precision_at_10pct,recall_at_10pct,lift_at_10pct,precision_at_20pct,recall_at_20pct,lift_at_20pct
within_project,CM1,7,LR_std_C0.1,LR_std_C0.1,single_candidate_balanced_threshold,0.406,0.8697847721703282,0.9107142857142857,0.9333333333333333,0.5222329678670935,0.7058823529411765,0.75,0.5454545454545454,1.0,0.19780218742555838,1.0,0.3333333333333333,2.6666666666666665,1.0,0.6666666666666666,2.6666666666666665
within_project,CM1,7,LR_std_C1,LR_std_C1,single_candidate_balanced_threshold,0.450096,0.8622288812870919,0.798611111111111,0.8166666666666667,0.5163977794943222,0.7142857142857143,0.7666666666666666,0.625,0.8333333333333334,0.18957289792267357,1.0,0.3333333333333333,2.6666666666666665,0.75,0.5,2.0
within_project,CM1,7,DT_leaf5,DT_leaf5,single_candidate_balanced_threshold,0.03,0.778817086767196,0.5499999999999999,0.6583333333333333,0.2,0.5714285714285714,0.55,0.4,1.0,0.24693326404636054,0.5,0.16666666666666666,1.3333333333333333,0.5,0.3333333333333333,1.3333333333333333
within_project,CM1,7,ET_leaf5,ET_leaf5,single_candidate_balanced_threshold,0.485381,0.9568410770630675,0.8690476190476191,0.8666666666666667,0.3333333333333333,0.625,0.6666666666666667,0.5,0.8333333333333334,0.2121206782876945,1.0,0.3333333333333333,2.6666666666666665,1.0,0.6666666666666666,2.6666666666666665
within_project,CM1,7,AQRPE_v2_balanced,ET_leaf5,balanced_objective,0.485381,0.9568410770630675,0.8690476190476191,0.8666666666666667,0.3333333333333333,0.625,0.6666666666666667,0.5,0.8333333333333334,0.2121206782876945,1.0,0.3333333333333333,2.6666666666666665,1.0,0.6666666666666666,2.6666666666666665
within_project,CM1,7,AQRPE_v2_rank,ET_leaf5,rank_objective_fixed_threshold,0.5,0.7833333333333333,0.8690476190476191,0.8666666666666667,0.42289003161103106,0.6666666666666666,0.7166666666666667,0.5555555555555556,0.8333333333333334,0.21212067828769451,1.0,0.3333333333333333,2.6666666666666665,1.0,0.6666666666666666,2.6666666666666665
within_project,CM1,7,AQRPE_v2_mcc,ET_leaf5,mcc_objective,0.485381,1.0,0.8690476190476191,0.8666666666666667,0.3333333333333333,0.625,0.6666666666666667,0.5,0.8333333333333334,0.2121206782876945,1.0,0.3333333333333333,2.6666666666666665,1.0,0.6666666666666666,2.6666666666666665
within_project,CM1,7,AQRPE_v2_soft_top3,ET_leaf5|LR_std_C0.1|LR_std_C1,soft_top3_balanced_objective,0.415867,0.8796717115787719,0.8766233766233766,0.8833333333333333,0.5222329678670935,0.7058823529411765,0.75,0.5454545454545454,1.0,0.19806831272010406,1.0,0.3333333333333333,2.6666666666666665,1.0,0.6666666666666666,2.6666666666666665
within_project,JM1,7,LR_std_C0.1,LR_std_C0.1,single_candidate_balanced_threshold,0.3355,0.8017388637653933,0.6357142857142858,0.8166666666666665,0.3721042037676254,0.631578947368421,0.65,0.46153846153846156,1.0,0.21152039829369745,0.5,0.16666666666666666,1.3333333333333333,0.5,0.3333333333333333,1.3333333333333333
within_project,JM1,7,LR_std_C1,LR_std_C1,single_candidate_balanced_threshold,0.475787,0.8656599340052222,0.6299603174603176,0.7999999999999999,0.6831300510639732,0.8,0.85,0.6666666666666666,1.0,0.19299679703563427,0.5,0.16666666666666666,1.3333333333333333,0.75,0.5,2.0
within_project,JM1,7,DT_leaf5,DT_leaf5,single_candidate_balanced_threshold,0.03,0.6253234382499999,0.5503306878306877,0.7333333333333334,0.42289003161103106,0.6666666666666666,0.7166666666666667,0.5555555555555556,0.8333333333333334,0.26320308750000754,1.0,0.3333333333333333,2.6666666666666665,0.75,0.5,2.0
within_project,JM1,7,ET_leaf5,ET_leaf5,single_candidate_balanced_threshold,0.4295,0.780711192661998,0.6208333333333332,0.8083333333333332,0.4472135954999579,0.6666666666666666,0.7,0.5,1.0,0.21688096156759912,0.5,0.16666666666666666,1.3333333333333333,0.5,0.3333333333333333,1.3333333333333333
within_project,JM1,7,AQRPE_v2_balanced,LR_std_C1,balanced_objective,0.475787,0.8656599340052222,0.6299603174603176,0.7999999999999999,0.6831300510639732,0.8,0.85,0.6666666666666666,1.0,0.19299679703563427,0.5,0.16666666666666666,1.3333333333333333,0.75,0.5,2.0
within_project,JM1,7,AQRPE_v2_rank,LR_std_C1,rank_objective_fixed_threshold,0.5,0.7583333333333333,0.6299603174603176,0.7999999999999999,0.6831300510639732,0.8,0.85,0.6666666666666666,1.0,0.19299679703563427,0.5,0.16666666666666666,1.3333333333333333,0.75,0.5,2.0
within_project,JM1,7,AQRPE_v2_mcc,LR_std_C1,mcc_objective,0.475787,0.8703882797784892,0.6299603174603176,0.7999999999999999,0.6831300510639732,0.8,0.85,0.6666666666666666,1.0,0.19299679703563427,0.5,0.16666666666666666,1.3333333333333333,0.75,0.5,2.0
within_project,JM1,7,AQRPE_v2_soft_top3,LR_std_C1|LR_std_C0.1|ET_leaf5,soft_top3_balanced_objective,0.3355,0.7996035003437635,0.6357142857142858,0.8166666666666665,0.3721042037676254,0.631578947368421,0.65,0.46153846153846156,1.0,0.20211993631691716,0.5,0.16666666666666666,1.3333333333333333,0.5,0.3333333333333333,1.3333333333333333
within_project,CM1,13,LR_std_C0.1,LR_std_C0.1,single_candidate_balanced_threshold,0.406,0.707616110597891,0.8134920634920635,0.8833333333333334,0.6,0.75,0.8,0.6,1.0,0.18491080733833676,1.0,0.3333333333333333,2.6666666666666665,0.75,0.5,2.0
within_project,CM1,13,LR_std_C1,LR_std_C1,single_candidate_balanced_threshold,0.359,0.718322405413428,0.826388888888889,0.8666666666666666,0.6831300510639732,0.8,0.85,0.6666666666666666,1.0,0.15831104616110103,1.0,0.3333333333333333,2.6666666666666665,0.75,0.5,2.0
within_project,CM1,13,DT_leaf5,DT_leaf5,single_candidate_balanced_threshold,0.605,0.7623982330575505,0.6180555555555556,0.7666666666666667,0.4472135954999579,0.6,0.7,0.75,0.5,0.22671872500000625,1.0,0.3333333333333333,2.6666666666666665,0.75,0.5,2.0
within_project,CM1,13,ET_leaf5,ET_leaf5,single_candidate_balanced_threshold,0.4765,0.699909749438042,0.6912698412698413,0.8166666666666667,0.5163977794943222,0.7142857142857143,0.7666666666666666,0.625,0.8333333333333334,0.16829694371716317,0.5,0.16666666666666666,1.3333333333333333,0.5,0.3333333333333333,1.3333333333333333
within_project,CM1,13,AQRPE_v2_balanced,DT_leaf5,balanced_objective,0.605,0.7623982330575505,0.6180555555555556,0.7666666666666667,0.4472135954999579,0.6,0.7,0.75,0.5,0.22671872500000625,1.0,0.3333333333333333,2.6666666666666665,0.75,0.5,2.0
within_project,CM1,13,AQRPE_v2_rank,DT_leaf5,rank_objective_fixed_threshold,0.5,0.6878787878787879,0.6180555555555556,0.7666666666666667,0.3133397807202561,0.5454545454545454,0.65,0.6,0.5,0.22671872500000625,1.0,0.3333333333333333,2.6666666666666665,0.75,0.5,2.0
within_project,CM1,13,AQRPE_v2_mcc,DT_leaf5,mcc_objective,0.605,0.7453559924999299,0.6180555555555556,0.7666666666666667,0.4472135954999579,0.6,0.7,0.75,0.5,0.22671872500000625,1.0,0.3333333333333333,2.6666666666666665,0.75,0.5,2.0
within_project,CM1,13,AQRPE_v2_soft_top3,DT_leaf5|LR_std_C1|LR_std_C0.1,soft_top3_balanced_objective,0.573354,0.7663346236704155,0.7291666666666666,0.8333333333333333,0.4472135954999579,0.6,0.7,0.75,0.5,0.16060737835543853,0.5,0.16666666666666666,1.3333333333333333,0.75,0.5,2.0
within_project,JM1,13,LR_std_C0.1,LR_std_C0.1,single_candidate_balanced_threshold,0.411909,0.6554184401796966,0.7098595848595849,0.7833333333333333,0.14907119849998599,0.5555555555555556,0.5666666666666667,0.4166666666666667,0.8333333333333334,0.2164174236129262,0.5,0.16666666666666666,1.3333333333333333,0.75,0.5,2.0
within_project,JM1,13,LR_std_C1,LR_std_C1,single_candidate_balanced_threshold,0.310382,0.6425773639684393,0.5945767195767195,0.7166666666666667,0.14907119849998599,0.5555555555555556,0.5666666666666667,0.4166666666666667,0.8333333333333334,0.22320051396531315,0.5,0.16666666666666666,1.3333333333333333,0.75,0.5,2.0
within_project,JM1,13,DT_leaf5,DT_leaf5,single_candidate_balanced_threshold,0.03,0.568135087165459,0.5069444444444444,0.65,0.4472135954999579,0.6666666666666666,0.7,0.5,1.0,0.2477169128117952,0.5,0.16666666666666666,1.3333333333333333,0.5,0.3333333333333333,1.3333333333333333
within_project,JM1,13,ET_leaf5,ET_leaf5,single_candidate_balanced_threshold,0.440566,0.7276573690474345,0.8041666666666667,0.7833333333333334,0.42289003161103106,0.6666666666666666,0.7166666666666667,0.5555555555555556,0.8333333333333334,0.2024804103343087,1.0,0.3333333333333333,2.6666666666666665,0.75,0.5,2.0
within_project,JM1,13,AQRPE_v2_balanced,ET_leaf5,balanced_objective,0.440566,0.7276573690474345,0.8041666666666667,0.7833333333333334,0.42289003161103106,0.6666666666666666,0.7166666666666667,0.5555555555555556,0.8333333333333334,0.20248041033430875,1.0,0.3333333333333333,2.6666666666666665,0.75,0.5,2.0
within_project,JM1,13,AQRPE_v2_rank,ET_leaf5,rank_objective_fixed_threshold,0.5,0.5891666666666667,0.8041666666666667,0.7833333333333334,0.3578300267477955,0.6153846153846154,0.6833333333333333,0.5714285714285714,0.6666666666666666,0.20248041033430872,1.0,0.3333333333333333,2.6666666666666665,0.75,0.5,2.0
within_project,JM1,13,AQRPE_v2_mcc,ET_leaf5,mcc_objective,0.440566,0.6831300510639732,0.8041666666666667,0.7833333333333334,0.42289003161103106,0.6666666666666666,0.7166666666666667,0.5555555555555556,0.8333333333333334,0.20248041033430872,1.0,0.3333333333333333,2.6666666666666665,0.75,0.5,2.0
within_project,JM1,13,AQRPE_v2_soft_top3,ET_leaf5|LR_std_C0.1|LR_std_C1,soft_top3_balanced_objective,0.452802,0.7100316967028805,0.6487484737484738,0.7833333333333333,0.5163977794943222,0.7142857142857143,0.7666666666666666,0.625,0.8333333333333334,0.21027242521552242,0.5,0.16666666666666666,1.3333333333333333,0.75,0.5,2.0
cross_project,CM1,7,LR_std_C0.1,LR_std_C0.1,single_candidate_balanced_threshold,0.385487,0.604337214089575,0.6509047205847963,0.792,0.4272307524739402,0.6666666666666666,0.7066666666666667,0.5185185185185185,0.9333333333333333,0.23007775494578456,0.75,0.2,2.0,0.5625,0.3,1.5
cross_project,CM1,7,LR_std_C1,LR_std_C1,single_candidate_balanced_threshold,0.332163,0.6074932872344501,0.616483331065711,0.7853333333333333,0.4766818675855335,0.691358024691358,0.7366666666666667,0.5490196078431373,0.9333333333333333,0.22608773916780076,0.625,0.16666666666666666,1.6666666666666667,0.5625,0.3,1.5
cross_project,CM1,7,DT_leaf5,DT_leaf5,single_candidate_balanced_threshold,0.03,0.5502051943860223,0.4154539827542048,0.5626666666666666,0.3059523453200475,0.6105263157894737,0.6233333333333333,0.4461538461538462,0.9666666666666667,0.3236060656790164,0.25,0.06666666666666667,0.6666666666666666,0.3125,0.16666666666666666,0.8333333333333334
cross_project,CM1,7,ET_leaf5,ET_leaf5,single_candidate_balanced_threshold,0.406,0.5561172962366365,0.6070242266729129,0.774,0.42297123461814945,0.6666666666666666,0.71,0.5294117647058824,0.9,0.2031934884014618,0.75,0.2,2.0,0.5625,0.3,1.5
cross_project,CM1,7,AQRPE_v2_balanced,LR_std_C1,balanced_objective,0.332163,0.6074932872344501,0.616483331065711,0.7853333333333333,0.4766818675855335,0.691358024691358,0.7366666666666667,0.5490196078431373,0.9333333333333333,0.22608773916780076,0.625,0.16666666666666666,1.6666666666666667,0.5625,0.3,1.5
cross_project,CM1,7,AQRPE_v2_rank,LR_std_C1,rank_objective_fixed_threshold,0.5,0.40433441558441546,0.616483331065711,0.7853333333333333,0.47493803550161945,0.6933333333333334,0.7433333333333334,0.5777777777777777,0.8666666666666667,0.22608773916780076,0.625,0.16666666666666666,1.6666666666666667,0.5625,0.3,1.5
cross_project,CM1,7,AQRPE_v2_mcc,LR_std_C0.1,mcc_objective,0.385487,0.5333964609104418,0.6509047205847963,0.792,0.4272307524739402,0.6666666666666666,0.7066666666666667,0.5185185185185185,0.9333333333333333,0.23007775494578456,0.75,0.2,2.0,0.5625,0.3,1.5
cross_project,CM1,7,AQRPE_v2_soft_top3,LR_std_C1|LR_std_C0.1|ET_leaf5,soft_top3_balanced_objective,0.389072,0.6048888185366793,0.630774936269997,0.7966666666666666,0.44365758438007585,0.6746987951807228,0.7166666666666667,0.5283018867924528,0.9333333333333333,0.21411008284716648,0.75,0.2,2.0,0.625,0.3333333333333333,1.6666666666666667
cross_project,JM1,7,LR_std_C0.1,LR_std_C0.1,single_candidate_balanced_threshold,0.492529,0.6501851585676904,0.5223039678733149,0.5266666666666666,0.1452482234435317,0.06451612903225806,0.5166666666666667,1.0,0.03333333333333333,0.2534305687895964,0.75,0.2,2.0,0.5625,0.3,1.5
cross_project,JM1,7,LR_std_C1,LR_std_C1,single_candidate_balanced_threshold,0.5705,0.7274036439513544,0.33601976409847895,0.35833333333333334,0.0,0.0,0.5,0.0,0.0,0.3368574461576877,0.375,0.1,1.0,0.3125,0.16666666666666666,0.8333333333333334
cross_project,JM1,7,DT_leaf5,DT_leaf5,single_candidate_balanced_threshold,0.5235,0.6365472382794459,0.6702127659574467,0.734,0.3333333333333333,0.2857142857142857,0.5833333333333334,1.0,0.16666666666666666,0.20429080132653538,1.0,0.26666666666666666,2.6666666666666665,0.8125,0.43333333333333335,2.1666666666666665
cross_project,JM1,7,ET_leaf5,ET_leaf5,single_candidate_balanced_threshold,0.547,0.6542410661447104,0.6883069976014742,0.7793333333333333,0.3594303926441236,0.5490196078431373,0.6633333333333333,0.6666666666666666,0.4666666666666667,0.1857166957133351,0.875,0.23333333333333334,2.3333333333333335,0.6875,0.36666666666666664,1.8333333333333333
cross_project,JM1,7,AQRPE_v2_balanced,LR_std_C1,balanced_objective,0.5705,0.7274036439513544,0.33601976409847895,0.35833333333333334,0.0,0.0,0.5,0.0,0.0,0.3368574461576877,0.375,0.1,1.0,0.3125,0.16666666666666666,0.8333333333333334
cross_project,JM1,7,AQRPE_v2_rank,LR_std_C1,rank_objective_fixed_threshold,0.5,0.638560606060606,0.33601976409847895,0.35833333333333334,0.0,0.0,0.5,0.0,0.0,0.3368574461576877,0.375,0.1,1.0,0.3125,0.16666666666666666,0.8333333333333334
cross_project,JM1,7,AQRPE_v2_mcc,LR_std_C1,mcc_objective,0.5705,0.7071067811865475,0.33601976409847895,0.35833333333333334,0.0,0.0,0.5,0.0,0.0,0.3368574461576877,0.375,0.1,1.0,0.3125,0.16666666666666666,0.8333333333333334
cross_project,JM1,7,AQRPE_v2_soft_top3,LR_std_C1|ET_leaf5|LR_std_C0.1,soft_top3_balanced_objective,0.5235,0.6561276870442225,0.5658279555786367,0.7133333333333334,0.0,0.0,0.5,0.0,0.0,0.23430954578939495,0.5,0.13333333333333333,1.3333333333333333,0.5625,0.3,1.5
cross_project,CM1,13,LR_std_C0.1,LR_std_C0.1,single_candidate_balanced_threshold,0.468828,0.7317074548700374,0.6279156481086485,0.7773333333333333,0.47434164902525694,0.6923076923076923,0.74,0.5625,0.9,0.22089212173559192,0.625,0.16666666666666666,1.6666666666666667,0.5625,0.3,1.5
cross_project,CM1,13,LR_std_C1,LR_std_C1,single_candidate_balanced_threshold,0.447463,0.7321534033478901,0.599727955079331,0.7553333333333333,0.3578300267477955,0.6153846153846154,0.6833333333333333,0.5714285714285714,0.6666666666666666,0.21617646629294454,0.625,0.16666666666666666,1.6666666666666667,0.5625,0.3,1.5
cross_project,CM1,13,DT_leaf5,DT_leaf5,single_candidate_balanced_threshold,0.406,0.8004586499215071,0.6309081196581197,0.8003333333333333,0.5359302005896912,0.7246376811594203,0.7766666666666666,0.6410256410256411,0.8333333333333334,0.2081249850000039,0.75,0.2,2.0,0.6875,0.36666666666666664,1.8333333333333333
cross_project,CM1,13,ET_leaf5,ET_leaf5,single_candidate_balanced_threshold,0.535964,0.7099590905702832,0.6310663321669459,0.7773333333333333,0.4131182235954578,0.6571428571428571,0.7133333333333334,0.575,0.7666666666666667,0.20680903325600936,0.625,0.16666666666666666,1.6666666666666667,0.5625,0.3,1.5
cross_project,CM1,13,AQRPE_v2_balanced,DT_leaf5,balanced_objective,0.406,0.8004586499215071,0.6309081196581197,0.8003333333333333,0.5359302005896912,0.7246376811594203,0.7766666666666666,0.6410256410256411,0.8333333333333334,0.2081249850000039,0.75,0.2,2.0,0.6875,0.36666666666666664,1.8333333333333333
cross_project,CM1,13,AQRPE_v2_rank,DT_leaf5,rank_objective_fixed_threshold,0.5,0.6775510204081632,0.6309081196581197,0.8003333333333333,0.5359302005896912,0.7246376811594203,0.7766666666666666,0.6410256410256411,0.8333333333333334,0.2081249850000039,0.75,0.2,2.0,0.6875,0.36666666666666664,1.8333333333333333
cross_project,CM1,13,AQRPE_v2_mcc,DT_leaf5,mcc_objective,0.406,0.7802197802197802,0.6309081196581197,0.8003333333333333,0.5359302005896912,0.7246376811594203,0.7766666666666666,0.6410256410256411,0.8333333333333334,0.2081249850000039,0.75,0.2,2.0,0.6875,0.36666666666666664,1.8333333333333333
cross_project,CM1,13,AQRPE_v2_soft_top3,DT_leaf5|LR_std_C1|LR_std_C0.1,soft_top3_balanced_objective,0.4295,0.7969964773051801,0.6271127892109312,0.7813333333333333,0.5113831004894118,0.7123287671232876,0.7633333333333334,0.6046511627906976,0.8666666666666667,0.20542740736471235,0.5,0.13333333333333333,1.3333333333333333,0.625,0.3333333333333333,1.6666666666666667
cross_project,JM1,13,LR_std_C0.1,LR_std_C0.1,single_candidate_balanced_threshold,0.471778,0.7695978795151796,0.3910348037739588,0.4053333333333333,0.0,0.0,0.5,0.0,0.0,0.28004361894599555,0.5,0.13333333333333333,1.3333333333333333,0.3125,0.16666666666666666,0.8333333333333334
cross_project,JM1,13,LR_std_C1,LR_std_C1,single_candidate_balanced_threshold,0.590681,0.6042447759838202,0.30151976791736806,0.30533333333333335,0.0,0.0,0.5,0.0,0.0,0.3418548778665271,0.125,0.03333333333333333,0.3333333333333333,0.25,0.13333333333333333,0.6666666666666666
cross_project,JM1,13,DT_leaf5,DT_leaf5,single_candidate_balanced_threshold,0.6175,0.574991132213098,0.43776315789473685,0.5226666666666667,0.050964719143762556,0.2727272727272727,0.52,0.42857142857142855,0.2,0.3594582908333395,0.625,0.16666666666666666,1.6666666666666667,0.4375,0.23333333333333334,1.1666666666666667
cross_project,JM1,13,ET_leaf5,ET_leaf5,single_candidate_balanced_threshold,0.388627,0.7190550259571484,0.6996672466336205,0.7773333333333334,0.44114940169152966,0.6756756756756757,0.7266666666666667,0.5681818181818182,0.8333333333333334,0.19096989708756054,0.875,0.23333333333333334,2.3333333333333335,0.75,0.4,2.0
cross_project,JM1,13,AQRPE_v2_balanced,LR_std_C0.1,balanced_objective,0.471778,0.7695978795151796,0.3910348037739588,0.4053333333333333,0.0,0.0,0.5,0.0,0.0,0.28004361894599555,0.5,0.13333333333333333,1.3333333333333333,0.3125,0.16666666666666666,0.8333333333333334
cross_project,JM1,13,AQRPE_v2_rank,LR_std_C0.1,rank_objective_fixed_threshold,0.5,0.6571428571428571,0.3910348037739588,0.4053333333333333,0.0,0.0,0.5,0.0,0.0,0.28004361894599555,0.5,0.13333333333333333,1.3333333333333333,0.3125,0.16666666666666666,0.8333333333333334
cross_project,JM1,13,AQRPE_v2_mcc,LR_std_C0.1,mcc_objective,0.471778,0.7337993857053428,0.3910348037739588,0.4053333333333333,0.0,0.0,0.5,0.0,0.0,0.28004361894599555,0.5,0.13333333333333333,1.3333333333333333,0.3125,0.16666666666666666,0.8333333333333334
cross_project,JM1,13,AQRPE_v2_soft_top3,LR_std_C0.1|ET_leaf5|LR_std_C1,soft_top3_balanced_objective,0.547,0.792053221172222,0.4035735583582552,0.5666666666666667,0.0,0.0,0.5,0.0,0.0,0.24703161509514154,0.375,0.1,1.0,0.3125,0.16666666666666666,0.8333333333333334
